"Name","Objects","Shallow Size","Retained Size"
"java.lang.Class","1939","1473720","4540536"
"java.util.HashMap","381","18288","1685584"
"java.util.HashMap$Entry[]","406","108576","1680256"
"java.util.HashMap$Entry","10501","336032","1587056"
"java.lang.String","10340","330880","979400"
"com.mysql.jdbc.JDBC4Connection","3","3288","789424"
"char[]","9745","724456","724456"
"com.yourkit.probes.ObjectIntWeakMap","5","120","638736"
"com.mysql.jdbc.StatementImpl","55","8360","585528"
"byte[]","4150","582416","582416"
"com.mysql.jdbc.JDBC4ResultSet","55","9680","568368"
"java.lang.Object[]","853","157672","455768"
"java.sql.Connection[]","1","40","453888"
"java.util.ArrayList","313","7512","398472"
"java.lang.Integer","17369","277904","277904"
"int[]","234","196600","196600"
"com.mysql.jdbc.Field[]","55","3344","183352"
"com.mysql.jdbc.Field","598","86112","180008"
"sun.nio.ch.WindowsSelectorImpl","15","1800","168488"
"org.apache.mina.core.service.SimpleIoProcessorPool","3","96","166280"
"org.apache.mina.transport.socket.nio.NioProcessor","12","864","165936"
"org.apache.mina.core.service.IoProcessor[]","3","96","165656"
"java.util.PropertyResourceBundle","1","40","141272"
"sun.nio.ch.WindowsSelectorImpl$SubSelector","15","480","136440"
"com.mysql.jdbc.RowDataStatic","55","1760","134520"
"org.apache.mina.transport.socket.nio.NioSocketAcceptor","3","360","134152"
"com.mysql.jdbc.SingleByteCharsetConverter","2","48","132208"
"com.mysql.jdbc.ByteArrayRow","642","15408","132120"
"byte[][]","642","25112","116712"
"com.mysql.jdbc.MysqlIO","3","672","115344"
"java.io.PrintStream","4","128","100496"
"java.util.TreeMap","171","8208","88144"
"org.jdom.Element","11","440","82360"
"com.sun.jmx.mbeanserver.JmxMBeanServer","1","40","81416"
"com.sun.jmx.interceptor.DefaultMBeanServerInterceptor","1","48","80816"
"com.sun.jmx.mbeanserver.Repository","1","24","80448"
"java.util.TreeMap$Entry","1972","78880","79936"
"com.sun.jmx.mbeanserver.PerInterface","11","440","66544"
"sun.misc.Launcher$AppClassLoader","1","72","65904"
"java.io.BufferedWriter","4","192","65792"
"java.lang.reflect.Method","309","27192","63176"
"com.sun.jmx.mbeanserver.NamedObject","17","408","58312"
"Constants.CWorld","62","2480","56952"
"java.util.concurrent.ConcurrentHashMap","25","1200","55648"
"javax.management.StandardMBean","15","360","55056"
"java.util.concurrent.ConcurrentHashMap$Segment[]","25","2000","54352"
"com.sun.jmx.mbeanserver.MXBeanSupport","16","640","54056"
"java.util.concurrent.ConcurrentHashMap$Segment","400","16000","52352"
"java.io.BufferedOutputStream","5","120","49968"
"com.mysql.jdbc.util.ReadAheadInputStream","3","120","49320"
"java.util.WeakHashMap$Entry[]","26","35552","47504"
"java.util.Hashtable$Entry","627","20064","46168"
"java.util.Hashtable$Entry[]","36","7536","44768"
"java.util.WeakHashMap","23","1104","42848"
"java.io.OutputStreamWriter","5","160","42080"
"sun.nio.cs.StreamEncoder","5","280","41920"
"java.nio.HeapByteBuffer","11","528","41800"
"org.jdom.ContentList","12","384","41792"
"Game.GServer","6","336","41768"
"org.jdom.Content[]","2","136","41408"
"java.lang.reflect.Field","334","24048","41152"
"java.util.Vector","51","1632","41088"
"com.sun.jmx.mbeanserver.ConvertingMethod","110","3520","40280"
"org.jdom.AttributeList","11","352","39432"
"org.jdom.Attribute[]","3","744","39080"
"java.util.Properties","12","576","38784"
"org.jdom.Attribute","148","4736","38336"
"java.lang.String[]","417","18312","36424"
"sun.misc.URLClassPath","5","160","32176"
"plugin.PluginManagerImpl","1","24","31696"
"GameObjects.GWorld","6","576","30616"
"java.util.concurrent.ConcurrentHashMap$HashEntry[]","400","9632","23552"
"com.sun.jmx.mbeanserver.OpenConverter$CompositeConverter","7","280","22792"
"com.mysql.jdbc.Buffer","39","1248","21808"
"com.mysql.jdbc.ConnectionPropertiesImpl$BooleanConnectionProperty","324","20736","20736"
"sun.misc.URLClassPath$JarLoader","25","1000","20448"
"java.util.Collections$UnmodifiableMap","13","416","20032"
"java.util.HashSet","123","1968","18824"
"java.lang.reflect.Method[]","7","280","18744"
"sun.nio.ch.PipeImpl","15","360","18120"
"java.net.URLClassLoader","2","144","17888"
"java.util.WeakHashMap$Entry","174","6960","16080"
"sun.nio.ch.SocketChannelImpl","31","3472","15272"
"java.lang.Long[]","2","2080","14344"
"java.util.concurrent.ConcurrentHashMap$HashEntry","49","1568","14016"
"java.io.WinNTFileSystem","1","32","13776"
"Game.GServer[]","1","40","13608"
"java.net.URL","56","3584","13376"
"java.util.concurrent.locks.ReentrantLock$NonfairSync","418","13376","13376"
"javax.management.ImmutableDescriptor","165","3960","13272"
"java.util.logging.LogManager$RootLogger","1","72","13248"
"java.io.ExpiringCache","2","80","12376"
"java.lang.Long","515","12360","12360"
"java.io.ExpiringCache$1","2","112","12296"
"GameObjects.GInventory","4","64","12192"
"java.util.LinkedHashMap$Entry","65","2600","12048"
"sun.nio.cs.StandardCharsets","1","32","11792"
"GameObjects.GItem","47","1504","11744"
"sun.nio.ch.SinkChannelImpl","15","840","11280"
"long[]","25","11232","11232"
"java.util.logging.LogManager","1","48","11224"
"java.util.logging.ConsoleHandler","1","56","11032"
"com.mysql.jdbc.BufferRow","31","1736","10992"
"sun.misc.MetaIndex","10","240","10696"
"Game.Queue","6","96","10176"
"sun.reflect.generics.tree.ClassTypeSignature","15","240","9728"
"java.lang.Short[]","2","2080","9456"
"sun.util.LocaleServiceProviderPool","5","160","9440"
"java.security.ProtectionDomain","12","480","9328"
"sun.nio.cs.StandardCharsets$Aliases","1","40","9280"
"java.lang.Short","563","9008","9008"
"java.lang.Thread","16","1792","8984"
"java.util.jar.JarFile","19","1064","8712"
"java.security.Permissions","13","416","8624"
"sun.reflect.generics.tree.SimpleClassTypeSignature","48","1152","8528"
"java.lang.Integer[]","2","2080","8496"
"java.lang.Object","531","8496","8496"
"java.util.Hashtable","24","1152","8480"
"com.mysql.jdbc.ConnectionPropertiesImpl$StringConnectionProperty","87","5568","8280"
"java.io.BufferedInputStream","1","40","8248"
"GameObjects.GEffect","171","4104","8208"
"com.sun.jmx.mbeanserver.PerInterface$MethodAndSig","23","552","8160"
"javax.management.MBeanInfo","40","1920","7712"
"javax.management.MBeanOperationInfo","20","800","7696"
"sun.reflect.generics.repository.MethodRepository","6","240","7160"
"com.mysql.jdbc.ConnectionPropertiesImpl$IntegerConnectionProperty","78","5616","6912"
"java.util.logging.LogManager$LogNode","46","1104","6664"
"sun.nio.ch.SourceChannelImpl","15","840","6480"
"sun.reflect.generics.tree.MethodTypeSignature","6","192","6472"
"sun.reflect.DelegatingMethodAccessorImpl","6","96","6440"
"java.lang.reflect.Constructor","18","1296","6320"
"javax.management.MBeanParameterInfo[]","19","456","6264"
"java.util.GregorianCalendar","12","1344","5656"
"org.apache.mina.core.service.IoServiceListenerSupport","3","168","5624"
"javax.management.openmbean.CompositeType","9","504","5544"
"com.sun.jmx.mbeanserver.OpenConverter[]","117","2248","5408"
"XML.GConfig","6","480","5384"
"javax.management.MBeanAttributeInfo","55","1760","5216"
"javax.management.openmbean.ArrayType","15","840","5176"
"java.lang.Character[]","2","1056","5152"
"java.lang.Byte[]","1","1040","5136"
"java.util.Collections$SingletonList","12","288","5080"
"javax.management.openmbean.OpenMBeanAttributeInfoSupport","32","2048","4976"
"sun.reflect.DelegatingClassLoader","8","448","4928"
"org.apache.mina.transport.socket.nio.NioSocketSession","1","248","4904"
"java.lang.Package","55","3080","4848"
"GlobalObjects.ItemTemplates$EquipmentItemTemplate","17","544","4816"
"java.math.BigInteger","86","3440","4728"
"sun.misc.JarIndex","1","24","4696"
"java.math.BigInteger[]","4","440","4648"
"sun.reflect.generics.tree.TypeArgument[]","48","816","4552"
"java.io.ExpiringCache$Entry","56","1344","4536"
"org.apache.mina.core.session.AttributeKey","22","352","4264"
"com.sun.jmx.mbeanserver.OpenConverter$ConverterMap","1","48","4224"
"Misc.Dice","171","4104","4104"
"java.lang.Byte","256","4096","4096"
"java.lang.Character","256","4096","4096"
"sun.reflect.UnsafeObjectFieldAccessorImpl","167","4008","4008"
"sun.reflect.DelegatingConstructorAccessorImpl","5","80","3920"
"javax.management.MBeanParameterInfo","18","576","3888"
"sun.nio.ch.SocketAdaptor","16","768","3696"
"sun.misc.Launcher$ExtClassLoader","1","80","3696"
"java.net.SocksSocketImpl","23","2760","3688"
"java.io.FilePermissionCollection","12","288","3680"
"java.util.concurrent.CopyOnWriteArrayList","7","168","3568"
"java.lang.Class[]","177","3360","3360"
"org.apache.mina.filter.codec.ProtocolCodecFilter","3","96","3304"
"java.io.File","25","600","3264"
"java.util.logging.LogManager$LoggerWeakRef","51","2448","3248"
"org.apache.mina.core.filterchain.DefaultIoFilterChainBuilder","3","48","3240"
"java.lang.ref.WeakReference","100","3200","3200"
"com.sun.jmx.mbeanserver.MBeanIntrospector$MBeanInfoMap","1","48","3096"
"java.util.concurrent.ConcurrentLinkedQueue","57","1368","3048"
"java.lang.ThreadLocal$ThreadLocalMap","17","408","2952"
"java.util.concurrent.ThreadPoolExecutor","6","480","2944"
"java.net.InetSocketAddress","59","1416","2920"
"org.apache.mina.core.filterchain.DefaultIoFilterChainBuilder$EntryImpl","3","72","2904"
"javax.management.StandardEmitterMBean","1","32","2848"
"com.sun.jmx.mbeanserver.OpenConverter$IdentityConverter","32","768","2664"
"com.mysql.jdbc.VersionedStringProperty","66","2112","2656"
"Parsers.ChatParser","6","192","2592"
"java.lang.ThreadLocal$ThreadLocalMap$Entry[]","17","1360","2544"
"java.util.logging.SimpleFormatter","1","32","2544"
"java.text.MessageFormat","1","40","2464"
"java.io.ObjectStreamField[]","14","400","2440"
"java.io.FilePermission","12","384","2432"
"org.apache.mina.core.session.DefaultIoSessionDataStructureFactory$DefaultIoSessionAttributeMap","1","16","2408"
"javax.management.ObjectName","18","720","2392"
"Constants.CWorld$Community","11","264","2384"
"java.util.LinkedList$Entry","58","1392","2304"
"sun.management.MemoryPoolImpl","5","280","2280"
"java.text.Format[]","1","56","2256"
"javax.management.MBeanAttributeInfo[]","41","2016","2240"
"sun.nio.ch.WindowsSelectorImpl$FdMap","15","720","2240"
"java.nio.HeapCharBuffer","2","96","2160"
"java.security.BasicPermissionCollection","10","320","2160"
"java.lang.ProcessEnvironment","1","48","2160"
"Enums.i18n","8","192","2120"
"short[]","45","2048","2048"
"java.io.ObjectStreamField","38","1520","2040"
"java.io.FileDescriptor","42","1344","2016"
"org.slf4j.impl.JDK14LoggerAdapter","22","528","1936"
"Enums.ItemEffectType","60","1920","1920"
"javax.management.openmbean.OpenMBeanParameterInfoSupport","8","448","1920"
"java.util.LinkedList","20","480","1872"
"java.text.SimpleDateFormat","2","128","1856"
"GlobalObjects.Map","2","80","1832"
"java.net.Inet4Address","55","1760","1760"
"org.apache.mina.core.filterchain.DefaultIoFilterChain","1","32","1728"
"java.util.concurrent.ConcurrentLinkedQueue$Node","70","1680","1680"
"java.util.logging.Logger","24","1536","1664"
"LoginObjects.LAccount","1","56","1640"
"java.text.DecimalFormat","4","576","1616"
"sun.nio.ch.ServerSocketChannelImpl","3","264","1616"
"GameObjects.GStatistiques","1","24","1592"
"com.sun.jmx.mbeanserver.WeakIdentityHashMap","2","48","1584"
"Enums.CharacteristicType","66","1584","1584"
"java.lang.ref.ReferenceQueue","33","1056","1568"
"java.util.IdentityHashMap","3","120","1528"
"java.util.jar.JarFile$JarFileEntry","17","1360","1456"
"com.sun.jmx.mbeanserver.MXBeanLookup","1","24","1440"
"java.lang.ThreadGroup","2","96","1368"
"java.util.regex.Pattern$Branch","2","64","1336"
"org.apache.mina.filter.codec.textline.TextLineCodecFactory","3","72","1336"
"pack.ChatCommands","55","1320","1320"
"java.util.regex.Pattern","4","256","1312"
"GameObjects.GPersonnage","4","192","1304"
"boolean[]","20","1280","1280"
"javax.management.openmbean.TabularType","2","96","1272"
"sun.nio.cs.StandardCharsets$Cache","1","40","1264"
"sun.reflect.GeneratedConstructorAccessor1","1","16","1264"
"sun.reflect.GeneratedConstructorAccessor2","1","16","1264"
"sun.reflect.GeneratedConstructorAccessor3","1","16","1264"
"sun.reflect.GeneratedMethodAccessor1","1","16","1264"
"sun.reflect.GeneratedMethodAccessor2","1","16","1264"
"sun.reflect.GeneratedMethodAccessor3","1","16","1264"
"sun.reflect.GeneratedMethodAccessor4","1","16","1264"
"sun.reflect.GeneratedMethodAccessor5","1","16","1264"
"java.util.LinkedHashMap","7","392","1232"
"java.util.regex.Pattern$Node[]","2","48","1216"
"sun.nio.cs.StandardCharsets$Classes","1","40","1216"
"java.lang.Thread[]","2","128","1184"
"java.lang.ThreadLocal$ThreadLocalMap$Entry","23","736","1184"
"javax.management.openmbean.OpenMBeanOperationInfoSupport","3","168","1176"
"sun.util.calendar.Gregorian$Date","12","1152","1152"
"com.yourkit.probes.ForeignKeyColumn","14","336","1120"
"com.mysql.jdbc.ConnectionPropertiesImpl$MemorySizeConnectionProperty","9","720","1104"
"pack.Console","1","24","1072"
"java.math.BigDecimal[]","2","144","1064"
"java.security.AccessControlContext","23","736","1048"
"java.math.BigDecimal","26","1040","1040"
"java.util.Collections$SynchronizedMap","4","128","1040"
"plugin.PluginInformation","2","80","1040"
"ZPlug.Vars","3","96","1032"
"java.util.concurrent.atomic.AtomicInteger","64","1024","1024"
"sun.management.VMManagementImpl","1","32","1024"
"pack.Chat","1","24","1016"
"com.sun.jmx.mbeanserver.OpenConverter$ArrayConverter","4","128","1000"
"com.sun.jmx.mbeanserver.DescriptorCache","1","16","984"
"com.sun.jmx.mbeanserver.MBeanIntrospector$PerInterfaceMap","1","48","968"
"java.util.LinkedHashSet","5","80","960"
"sun.nio.ch.PollArrayWrapper","15","480","960"
"GameObjects.GPersonnage[]","1","32","960"
"java.util.zip.Inflater","17","544","952"
"org.apache.mina.core.service.IoServiceStatistics","3","504","936"
"org.slf4j.impl.StaticLoggerBinder","1","16","928"
"javax.management.MBeanOperationInfo[]","34","920","920"
"org.slf4j.impl.JDK14LoggerFactory","1","16","912"
"org.apache.mina.filter.codec.textline.TextLineDecoder","3","120","880"
"javax.management.openmbean.SimpleType","14","560","856"
"javax.management.ObjectName$Property[]","35","832","832"
"sun.management.MemoryPoolImpl$CollectionSensor","5","200","832"
"java.util.regex.Pattern$Curly","4","128","800"
"java.util.ResourceBundle$CacheKey","9","504","792"
"java.util.Scanner","1","136","792"
"sun.management.MemoryPoolImpl$PoolSensor","5","200","784"
"java.lang.ref.SoftReference","19","760","760"
"double[]","10","720","720"
"java.util.concurrent.Executors$DefaultThreadFactory","6","144","720"
"org.jdom.Text","9","216","720"
"sun.nio.ch.SelectionKeyImpl[]","15","720","720"
"sun.misc.FDBigInt[]","1","208","720"
"GlobalObjects.ItemTemplates$WeaponItemTemplate","2","64","696"
"sun.net.www.protocol.jar.URLJarFile","2","144","680"
"java.util.concurrent.locks.ReentrantLock","18","288","672"
"pack.GMCommand","28","672","672"
"sun.nio.ch.ServerSocketAdaptor","3","120","672"
"sun.util.calendar.ZoneInfo","12","672","672"
"java.lang.OutOfMemoryError","8","256","648"
"org.apache.mina.core.buffer.SimpleBufferAllocator$SimpleBuffer","5","160","632"
"java.util.regex.Pattern$CharPropertyNames$1","39","624","624"
"java.util.Collections$UnmodifiableSet","18","288","616"
"java.util.ResourceBundle$RBClassLoader","1","56","616"
"java.util.Locale","19","608","608"
"javax.management.ObjectName$Property","25","600","600"
"int[][]","12","256","592"
"java.util.Collections$UnmodifiableRandomAccessList","10","240","584"
"java.util.regex.Pattern$GroupHead","1","24","584"
"org.fusesource.jansi.Ansi$Attribute","18","576","576"
"sun.nio.ch.SocketOptsImpl$IP$TCP","18","288","576"
"java.util.Stack","6","192","568"
"java.lang.ref.ReferenceQueue$Lock","35","560","560"
"java.util.regex.Pattern$6","3","72","560"
"java.util.TaskQueue","1","24","552"
"com.sun.jmx.mbeanserver.WeakIdentityHashMap$IdentityWeakReference","17","544","544"
"org.apache.mina.filter.codec.textline.TextLineEncoder","3","96","544"
"java.nio.channels.spi.AbstractInterruptibleChannel$1","33","528","528"
"java.util.TimerTask[]","1","528","528"
"java.util.regex.Pattern$CharPropertyNames$4","16","256","512"
"sun.misc.FDBigInt","10","240","512"
"java.util.concurrent.atomic.AtomicBoolean","31","496","496"
"org.apache.mina.core.future.DefaultIoFuture","12","480","480"
"org.fusesource.jansi.AnsiOutputStream","2","80","480"
"sun.nio.ch.AllocatedNativeObject","15","480","480"
"fr.inewemu.logger.LoggerImpl","5","120","440"
"java.text.DateFormat$Field","18","432","432"
"java.util.ResourceBundle$BundleReference","9","432","432"
"sun.nio.cs.UTF_8$Encoder","6","288","432"
"java.util.jar.Attributes$Name","17","408","408"
"java.util.zip.ZStreamRef","17","408","408"
"java.net.InetAddress$Cache","2","48","400"
"com.yourkit.probes.StringColumn","16","384","384"
"java.security.CodeSource","12","384","384"
"java.text.DigitList","4","160","384"
"org.apache.mina.core.service.DefaultTransportMetadata","1","40","384"
"java.lang.ref.Finalizer$FinalizerThread","1","112","368"
"sun.nio.ch.WindowsSelectorImpl$FinishLock","15","360","360"
"sun.nio.ch.WindowsSelectorImpl$StartLock","15","360","360"
"java.util.TimerThread","1","120","360"
"java.text.DateFormatSymbols","1","56","344"
"java.util.concurrent.atomic.AtomicLong","14","336","336"
"Game.GClient","1","32","336"
"org.apache.mina.util.IdentityHashSet","1","16","328"
"Enums.SpellEffectType$DamagingEffect","10","320","320"
"Enums.ChannelEnum","13","312","312"
"java.lang.RuntimePermission","13","312","312"
"java.security.ProtectionDomain[]","13","312","312"
"java.sql.DriverInfo","2","48","304"
"com.sun.jmx.mbeanserver.ClassLoaderRepositorySupport","1","24","304"
"com.yourkit.runtime.Core$4","1","16","304"
"java.lang.Object[][]","1","48","304"
"java.util.regex.Pattern$BitClass","1","24","296"
"org.apache.mina.filter.codec.textline.TextLineDecoder$Context","1","32","296"
"com.mysql.jdbc.ConnectionPropertiesImpl$LongConnectionProperty","3","216","288"
"java.util.HashMap$KeySet","18","288","288"
"java.util.ResourceBundle$LoaderReference","9","288","288"
"org.fusesource.jansi.Ansi$Color","9","288","288"
"plugin.PluginConfiguration","2","48","288"
"sun.nio.ch.OptionAdaptor","18","288","288"
"sun.reflect.generics.factory.CoreReflectionFactory","6","144","288"
"sun.reflect.generics.reflectiveObjects.ParameterizedTypeImpl","6","144","288"
"java.net.ServerSocket","1","24","288"
"com.yourkit.runtime.TelemetryThreadJVMTI","1","128","280"
"Enums.CharacteristicType[]","1","280","280"
"org.jdom.Document","1","24","280"
"java.util.concurrent.SynchronousQueue","6","192","272"
"Misc.TitleManager","6","144","272"
"Enums.CharacterType","11","264","264"
"java.net.SocketOutputStream","3","144","264"
"java.text.DecimalFormatSymbols","4","256","256"
"Enums.ItemEffectType[]","1","256","256"
"java.util.Arrays$ArrayList","4","96","248"
"java.util.concurrent.ThreadPoolExecutor$Worker","5","200","248"
"org.apache.mina.filter.codec.textline.LineDelimiter","12","192","248"
"fr.inewemu.utils.xml.XMLReader","2","32","240"
"java.util.concurrent.atomic.AtomicReference","15","240","240"
"java.util.concurrent.Semaphore","3","48","240"
"org.apache.mina.transport.socket.DefaultSocketSessionConfig","3","240","240"
"sun.nio.ch.SocketChannelImpl$1","15","240","240"
"sun.nio.ch.Util$2","15","240","240"
"ZPlug.ConsoleEvent","10","240","240"
"pack.ChatCommands[]","1","240","240"
"javax.management.MBeanConstructorInfo[]","12","200","232"
"org.jdom.output.Format","3","120","224"
"com.sun.jmx.mbeanserver.MBeanServerDelegateImpl","1","40","224"
"java.nio.charset.CoderResult$1","1","16","224"
"java.nio.charset.CoderResult$2","1","16","224"
"java.lang.Boolean[]","7","216","216"
"java.util.logging.Level","9","216","216"
"com.sun.jmx.remote.util.ClassLogger","1","24","216"
"java.lang.ref.Reference$ReferenceHandler","1","112","216"
"java.lang.reflect.Type[]","10","208","208"
"SM.SchedulingBuffer","2","48","208"
"sun.nio.ch.Util$BufferCache","2","48","208"
"sun.misc.SoftCache","1","32","208"
"org.apache.mina.core.filterchain.DefaultIoFilterChain$EntryImpl","3","120","200"
"java.lang.String[][]","1","40","200"
"java.util.logging.LogManager$Cleaner","1","120","200"
"java.math.RoundingMode","8","192","192"
"java.net.SocketInputStream","3","144","192"
"java.security.Principal[]","12","192","192"
"java.security.ProtectionDomain$Key","12","192","192"
"java.util.concurrent.Semaphore$NonfairSync","3","96","192"
"ZPlug.ChatEvent","8","192","192"
"java.lang.StringBuilder","1","24","192"
"java.text.DateFormat$Field[]","2","184","184"
"java.security.Policy$UnsupportedEmptyCollection","1","24","184"
"java.util.regex.Matcher","1","64","184"
"sun.net.ProgressMonitor","1","24","184"
"com.yourkit.probes.builtin.Databases$BatchTable","1","48","176"
"com.sun.management.VMOption$Origin","7","168","168"
"java.lang.ClassLoader$NativeLibrary","5","160","160"
"java.nio.ByteBuffer[]","2","160","160"
"sun.nio.ch.SelectionKeyImpl","4","160","160"
"java.lang.OutOfMemoryError[]","1","32","160"
"com.yourkit.probes.builtin.Databases$PreparedStatementBatchTable","1","48","152"
"com.yourkit.probes.builtin.Databases$PreparedStatementTable","1","48","152"
"com.yourkit.probes.builtin.Databases$QueryTable","1","48","152"
"com.yourkit.probes.builtin.FileStreams$ReadTable","1","48","152"
"com.yourkit.probes.builtin.FileStreams$WriteTable","1","48","152"
"com.yourkit.probes.builtin.Sockets$ChannelReadTable","1","48","152"
"com.yourkit.probes.builtin.Sockets$ChannelWriteTable","1","48","152"
"com.yourkit.probes.builtin.Sockets$StreamReadTable","1","48","152"
"com.yourkit.probes.builtin.Sockets$StreamWriteTable","1","48","152"
"com.yourkit.probes.builtin.Threads$ThreadNameHistoryTable","1","48","152"
"java.lang.ThreadLocal","9","144","144"
"java.net.Socket","3","96","144"
"java.util.concurrent.locks.AbstractQueuedSynchronizer$ConditionObject","6","144","144"
"java.util.regex.Pattern$CharPropertyNames$2","6","144","144"
"sun.reflect.generics.scope.MethodScope","6","144","144"
"org.jdom.output.XMLOutputter","1","24","136"
"sun.nio.cs.StreamDecoder","1","48","136"
"java.nio.channels.SelectionKey[]","4","128","128"
"java.nio.DirectByteBuffer","2","128","128"
"java.util.concurrent.atomic.AtomicReferenceFieldUpdater$AtomicReferenceFieldUpdaterImpl","4","128","128"
"java.util.concurrent.locks.AbstractQueuedSynchronizer$Node","4","128","128"
"java.util.regex.Pattern$CharPropertyNames$3","8","128","128"
"javax.management.MBeanNotificationInfo[]","6","128","128"
"sun.misc.Cleaner","2","80","128"
"sun.nio.ch.WindowsSelectorImpl$MapEntry","4","128","128"
"Threads.Factory$UtilityThread","4","128","128"
"pack.GMCommand[]","1","128","128"
"Enums.SynActions$CommonAction","5","120","120"
"Enums.SynActions$UtilityThreadA","5","120","120"
"fr.inewemu.logger.utils.Level","5","120","120"
"GameObjects.GStatistiques$CharacteristicColumn","5","120","120"
"java.io.File[]","2","40","120"
"java.util.Collections$SynchronizedSet","3","72","120"
"org.apache.mina.core.service.AbstractIoService$ServiceOperationFuture","3","120","120"
"com.yourkit.probes.builtin.Databases$PreparedStatementQueryTable","1","40","120"
"com.yourkit.probes.builtin.Databases$StatementTable","1","40","120"
"com.yourkit.probes.builtin.Databases$TransactionTable","1","40","120"
"com.yourkit.probes.builtin.Messages$MessageTable","1","48","120"
"java.nio.channels.spi.AbstractSelector$1","7","112","112"
"javax.management.NotificationBroadcasterSupport","1","24","112"
"org.jdom.output.Format$DefaultEscapeStrategy","2","64","104"
"java.lang.ArithmeticException","1","32","104"
"org.apache.mina.filter.codec.ProtocolCodecFilter$ProtocolEncoderOutputImpl","1","32","104"
"sun.management.MemoryManagerImpl","1","24","104"
"com.mysql.jdbc.JDBC4DatabaseMetaData","3","96","96"
"com.sun.jmx.mbeanserver.OpenConverter$EnumConverter","3","96","96"
"com.yourkit.probes.IntColumn","4","96","96"
"Enums.SynActions$MapAction","4","96","96"
"Enums.SynActions$SchedulingA","4","96","96"
"Handlers.GHandler","6","96","96"
"java.io.FileOutputStream","2","64","96"
"java.lang.ref.ReferenceQueue$Null","2","64","96"
"java.lang.Throwable","3","96","96"
"java.util.concurrent.ConcurrentHashMap$Values","6","96","96"
"java.util.concurrent.SynchronousQueue$TransferStack","6","96","96"
"java.util.Date","4","96","96"
"java.util.HashMap$Values","6","96","96"
"java.util.regex.Pattern$Start","4","96","96"
"Misc.LifeRegenerator","6","96","96"
"org.apache.mina.util.NamePreservingRunnable","4","96","96"
"sun.reflect.generics.tree.FieldTypeSignature[]","6","96","96"
"sun.reflect.generics.tree.FormalTypeParameter[]","6","96","96"
"sun.reflect.generics.tree.TypeSignature[]","6","96","96"
"org.slf4j.helpers.SubstituteLoggerFactory","1","16","96"
"com.sun.jmx.mbeanserver.ClassLoaderRepositorySupport$LoaderEntry[]","2","40","88"
"javax.management.MBeanNotificationInfo","2","64","88"
"java.util.regex.Pattern$7","1","24","88"
"org.apache.mina.core.session.AbstractIoSession$CloseAwareWriteQueue","1","24","88"
"org.fusesource.jansi.Ansi$Attribute[]","1","88","88"
"com.sun.jmx.mbeanserver.OpenConverter$TabularConverter","2","80","80"
"sun.nio.cs.UTF_8$Decoder","2","80","80"
"com.mysql.jdbc.StandardSocketFactory","3","72","72"
"Enums.SynActions$ChatBufferA","3","72","72"
"Interfaces.IItemTemplate$ItemTemplateType","3","72","72"
"java.net.Proxy$Type","3","72","72"
"java.util.Collections$SynchronizedCollection","3","72","72"
"org.apache.mina.core.filterchain.DefaultIoFilterChain$EntryImpl$1","3","72","72"
"org.apache.mina.core.session.SessionState","3","72","72"
"Enums.ChannelEnum[]","1","72","72"
"java.lang.Runnable[]","1","56","72"
"java.util.BitSet","1","24","72"
"javax.management.openmbean.SimpleType[]","1","72","72"
"com.sun.jmx.mbeanserver.OpenConverter$CollectionConverter","2","64","64"
"com.sun.org.apache.xerces.internal.impl.dv.dtd.ListDatatypeValidator","3","48","64"
"Enums.SpellEffectType$HealingEffect","2","64","64"
"org.jdom.output.Format$TextMode","4","64","64"
"sun.management.GarbageCollectorImpl","2","64","64"
"sun.net.www.protocol.jar.Handler","4","64","64"
"com.yourkit.probes.builtin.Databases$ConnectionTable","1","40","64"
"com.yourkit.probes.builtin.FileStreams$FailedInputStreamTable","1","40","64"
"com.yourkit.probes.builtin.FileStreams$FailedOutputStreamTable","1","40","64"
"com.yourkit.probes.builtin.FileStreams$InputStreamTable","1","40","64"
"com.yourkit.probes.builtin.FileStreams$OutputStreamTable","1","40","64"
"com.yourkit.probes.builtin.Sockets$SocketTable","1","40","64"
"com.yourkit.probes.builtin.Threads$ThreadTable","1","40","64"
"Enums.CharacterType[]","1","64","64"
"float[]","1","64","64"
"org.apache.mina.core.session.DefaultIoSessionDataStructureFactory$DefaultWriteRequestQueue","1","16","64"
"org.apache.mina.filter.codec.ProtocolCodecFilter$ProtocolDecoderOutputImpl","1","16","64"
"java.util.regex.Pattern$BranchConn","2","32","56"
"Enums.SpellEffectType$DamagingEffect[]","1","56","56"
"java.net.Inet6AddressImpl","1","24","56"
"java.util.Random","1","32","56"
"org.apache.mina.transport.socket.nio.NioSocketSession$SessionConfigImpl","1","56","56"
"org.fusesource.jansi.Ansi$Color[]","1","56","56"
"pack.ChatListener","1","24","56"
"ZPlug.ConsoleEvent[]","1","56","56"
"com.mysql.jdbc.log.StandardLogger","3","48","48"
"com.sun.jmx.mbeanserver.ClassLoaderRepositorySupport$LoaderEntry","2","48","48"
"com.yourkit.probes.LongColumn","2","48","48"
"java.lang.management.ManagementPermission","2","48","48"
"java.lang.management.MemoryType","2","48","48"
"java.net.InetAddress$Cache$Type","2","48","48"
"java.nio.charset.CoderResult","2","48","48"
"java.nio.charset.CodingErrorAction","3","48","48"
"java.nio.DirectByteBuffer$Deallocator","2","48","48"
"java.security.cert.Certificate[]","3","48","48"
"java.text.AttributedCharacterIterator$Attribute","3","48","48"
"java.util.concurrent.ThreadPoolExecutor$CallerRunsPolicy","3","48","48"
"java.util.Currency","2","48","48"
"java.util.Hashtable$KeySet","3","48","48"
"java.util.regex.Pattern$Single","2","48","48"
"org.apache.mina.core.polling.AbstractPollingIoAcceptor$Acceptor","3","48","48"
"org.apache.mina.core.service.AbstractIoService$1","3","48","48"
"org.apache.mina.core.session.DefaultIoSessionDataStructureFactory","3","48","48"
"org.apache.mina.core.session.IdleStatus","3","48","48"
"org.jdom.Namespace","2","48","48"
"org.jdom.NamespaceKey","2","48","48"
"sun.misc.NativeSignalHandler","2","48","48"
"sun.misc.Signal","2","48","48"
"sun.nio.ch.ServerSocketChannelImpl$1","3","48","48"
"sun.reflect.NativeConstructorAccessorImpl","2","48","48"
"com.sun.management.OperatingSystem","1","24","48"
"com.sun.management.VMOption$Origin[]","1","48","48"
"Enums.i18n[]","1","48","48"
"java.io.FileInputStream","1","32","48"
"java.math.RoundingMode[]","1","48","48"
"java.text.DontCareFieldPosition","1","32","48"
"java.util.concurrent.TimeUnit[]","1","48","48"
"java.util.regex.Pattern$CharProperty$1","1","24","48"
"java.util.regex.Pattern$Slice","1","24","48"
"sun.management.MemoryImpl","1","32","48"
"sun.misc.URLClassPath$FileLoader","1","24","48"
"ZPlug.ChatEvent[]","1","48","48"
"com.sun.org.apache.xerces.internal.impl.Constants$ArrayEnumeration","1","24","40"
"Enums.SynActions$CommonAction[]","1","40","40"
"Enums.SynActions$UtilityThreadA[]","1","40","40"
"fr.inewemu.logger.utils.Level[]","1","40","40"
"GameObjects.GStatistiques$CharacteristicColumn[]","1","40","40"
"java.lang.management.MemoryPoolMXBean[]","1","40","40"
"java.util.ResourceBundle$1","1","40","40"
"java.util.Timer","1","24","40"
"org.apache.mina.core.future.DefaultCloseFuture","1","40","40"
"org.apache.mina.core.write.DefaultWriteRequest","1","24","40"
"SQL.SQL$1","1","40","40"
"sun.jdbc.odbc.JdbcOdbcDriver","1","24","40"
"XML.GConfig[]","1","40","40"
"com.sun.org.apache.xerces.internal.impl.dv.dtd.ENTITYDatatypeValidator","2","32","32"
"java.lang.annotation.Annotation[]","2","32","32"
"java.lang.Boolean","2","32","32"
"java.lang.Shutdown$Lock","2","32","32"
"java.nio.ByteOrder","2","32","32"
"java.util.HashMap$EntrySet","2","32","32"
"java.util.logging.Handler[]","2","32","32"
"java.util.regex.Pattern$CharPropertyNames$19","2","32","32"
"java.util.regex.Pattern$CharPropertyNames$9","2","32","32"
"java.util.regex.Pattern$Dot","2","32","32"
"sun.nio.ch.SocketDispatcher","2","32","32"
"Enums.SynActions$ChatBufferA[]","1","32","32"
"Enums.SynActions$MapAction[]","1","32","32"
"Enums.SynActions$SchedulingA[]","1","32","32"
"Interfaces.IItemTemplate$ItemTemplateType[]","1","32","32"
"java.beans.PropertyChangeSupport","1","32","32"
"java.lang.management.MemoryManagerMXBean[]","1","32","32"
"java.lang.NullPointerException","1","32","32"
"java.lang.ThreadGroup[]","1","32","32"
"java.lang.VirtualMachineError","1","32","32"
"java.net.Proxy$Type[]","1","32","32"
"java.util.concurrent.SynchronousQueue$TransferStack$SNode","1","32","32"
"javax.management.MBeanConstructorInfo","1","32","32"
"org.apache.mina.core.session.SessionState[]","1","32","32"
"org.fusesource.hawtjni.runtime.Library","1","32","32"
"Threads.ConsoleScanner","1","32","32"
"Threads.Timer","1","32","32"
"Enums.SpellEffectType$HealingEffect[]","1","24","24"
"java.io.InputStreamReader","1","24","24"
"java.lang.management.MemoryType[]","1","24","24"
"java.lang.reflect.ReflectPermission","1","24","24"
"java.net.InetAddress$Cache$Type[]","1","24","24"
"java.net.Proxy","1","24","24"
"java.sql.SQLPermission","1","24","24"
"java.util.Collections$EmptyMap","1","24","24"
"java.util.concurrent.TimeUnit$1","1","24","24"
"java.util.concurrent.TimeUnit$2","1","24","24"
"java.util.concurrent.TimeUnit$3","1","24","24"
"java.util.concurrent.TimeUnit$4","1","24","24"
"java.util.concurrent.TimeUnit$5","1","24","24"
"java.util.concurrent.TimeUnit$6","1","24","24"
"java.util.concurrent.TimeUnit$7","1","24","24"
"java.util.logging.LoggingPermission","1","24","24"
"java.util.regex.Pattern$2","1","24","24"
"java.util.regex.Pattern$Dollar","1","24","24"
"java.util.regex.Pattern$GroupTail","1","24","24"
"java.util.Scanner$1","1","24","24"
"sun.management.CompilationImpl","1","24","24"
"sun.management.RuntimeImpl","1","24","24"
"sun.management.ThreadImpl","1","24","24"
"sun.nio.cs.MS1252","1","24","24"
"sun.nio.cs.US_ASCII","1","24","24"
"sun.nio.cs.UTF_8","1","24","24"
"sun.reflect.NativeMethodAccessorImpl","1","24","24"
"com.mysql.jdbc.Driver","1","16","16"
"com.mysql.jdbc.log.NullLogger","1","16","16"
"com.mysql.jdbc.Util","1","16","16"
"com.sun.jmx.mbeanserver.MBeanAnalyzer$MethodOrder","1","16","16"
"com.sun.jmx.mbeanserver.MBeanInstantiator","1","16","16"
"com.sun.jmx.mbeanserver.MXBeanIntrospector","1","16","16"
"com.sun.jmx.mbeanserver.SecureClassLoaderRepository","1","16","16"
"com.sun.jmx.trace.TraceManager","1","16","16"
"com.sun.org.apache.xerces.internal.impl.dv.dtd.IDDatatypeValidator","1","16","16"
"com.sun.org.apache.xerces.internal.impl.dv.dtd.IDREFDatatypeValidator","1","16","16"
"com.sun.org.apache.xerces.internal.impl.dv.dtd.NMTOKENDatatypeValidator","1","16","16"
"com.sun.org.apache.xerces.internal.impl.dv.dtd.NOTATIONDatatypeValidator","1","16","16"
"com.sun.org.apache.xerces.internal.impl.dv.dtd.StringDatatypeValidator","1","16","16"
"com.sun.org.apache.xerces.internal.impl.dv.SecuritySupport","1","16","16"
"com.sun.org.apache.xerces.internal.parsers.SecuritySupport","1","16","16"
"com.yourkit.util.Strings$1","1","16","16"
"Core.Syn$1","1","16","16"
"Handlers.GGameHandler","1","16","16"
"Handlers.LHandler","1","16","16"
"java.lang.ApplicationShutdownHooks$1","1","16","16"
"java.lang.ProcessEnvironment$EntryComparator","1","16","16"
"java.lang.ProcessEnvironment$NameComparator","1","16","16"
"java.lang.ref.Reference$Lock","1","16","16"
"java.lang.reflect.ReflectAccess","1","16","16"
"java.lang.Runtime","1","16","16"
"java.lang.StackTraceElement[]","1","16","16"
"java.lang.String$CaseInsensitiveComparator","1","16","16"
"java.lang.System$2","1","16","16"
"java.lang.Terminator$1","1","16","16"
"java.math.BigDecimal$1","1","16","16"
"java.net.InetAddress$1","1","16","16"
"java.net.UnknownContentHandler","1","16","16"
"java.net.URLClassLoader$7","1","16","16"
"java.nio.Bits$1","1","16","16"
"java.security.AccessControlContext$1","1","16","16"
"java.security.ProtectionDomain$2","1","16","16"
"java.text.DontCareFieldPosition$1","1","16","16"
"java.text.FieldPosition[]","1","16","16"
"java.text.MessageFormat$Field","1","16","16"
"java.util.Collections$EmptyList","1","16","16"
"java.util.Collections$EmptySet","1","16","16"
"java.util.Collections$ReverseComparator","1","16","16"
"java.util.Collections$UnmodifiableMap$UnmodifiableEntrySet","1","16","16"
"java.util.concurrent.ThreadPoolExecutor$AbortPolicy","1","16","16"
"java.util.Hashtable$EmptyEnumerator","1","16","16"
"java.util.Hashtable$EmptyIterator","1","16","16"
"java.util.jar.JavaUtilJarAccessImpl","1","16","16"
"java.util.logging.ErrorManager","1","16","16"
"java.util.logging.Logging","1","16","16"
"java.util.regex.Pattern$5","1","16","16"
"java.util.regex.Pattern$All","1","16","16"
"java.util.regex.Pattern$CharPropertyNames$10","1","16","16"
"java.util.regex.Pattern$CharPropertyNames$11","1","16","16"
"java.util.regex.Pattern$CharPropertyNames$12","1","16","16"
"java.util.regex.Pattern$CharPropertyNames$13","1","16","16"
"java.util.regex.Pattern$CharPropertyNames$14","1","16","16"
"java.util.regex.Pattern$CharPropertyNames$15","1","16","16"
"java.util.regex.Pattern$CharPropertyNames$16","1","16","16"
"java.util.regex.Pattern$CharPropertyNames$17","1","16","16"
"java.util.regex.Pattern$CharPropertyNames$18","1","16","16"
"java.util.regex.Pattern$CharPropertyNames$20","1","16","16"
"java.util.regex.Pattern$CharPropertyNames$21","1","16","16"
"java.util.regex.Pattern$CharPropertyNames$5","1","16","16"
"java.util.regex.Pattern$CharPropertyNames$6","1","16","16"
"java.util.regex.Pattern$CharPropertyNames$7","1","16","16"
"java.util.regex.Pattern$CharPropertyNames$8","1","16","16"
"java.util.regex.Pattern$LastNode","1","16","16"
"java.util.regex.Pattern$Node","1","16","16"
"java.util.ResourceBundle$Control","1","16","16"
"java.util.Timer$1","1","16","16"
"java.util.TreeMap$KeySet","1","16","16"
"javax.management.JMX","1","16","16"
"javax.management.MBeanServerBuilder","1","16","16"
"javax.management.NotificationBroadcasterSupport$1","1","16","16"
"javax.management.openmbean.OpenType[]","1","16","16"
"javax.xml.parsers.SecuritySupport","1","16","16"
"javax.xml.stream.SecuritySupport","1","16","16"
"org.apache.mina.core.buffer.SimpleBufferAllocator","1","16","16"
"org.apache.mina.core.filterchain.DefaultIoFilterChain$HeadFilter","1","16","16"
"org.apache.mina.core.filterchain.DefaultIoFilterChain$TailFilter","1","16","16"
"org.apache.mina.core.polling.AbstractPollingIoProcessor$Processor","1","16","16"
"org.apache.mina.core.session.AbstractIoSession$1","1","16","16"
"org.apache.mina.core.write.DefaultWriteRequest$1","1","16","16"
"org.apache.mina.util.DefaultExceptionMonitor","1","16","16"
"org.fusesource.jansi.Ansi$1","1","16","16"
"org.fusesource.jansi.Ansi$2","1","16","16"
"org.slf4j.helpers.NOPLoggerFactory","1","16","16"
"pack.ConsoleListener","1","16","16"
"plugin.PluginLoaderImpl","1","16","16"
"sun.jdbc.odbc.JdbcOdbcTracer","1","16","16"
"sun.jkernel.DownloadManager$1","1","16","16"
"sun.management.ClassLoadingImpl","1","16","16"
"sun.management.HotSpotDiagnostic","1","16","16"
"sun.misc.ASCIICaseInsensitiveComparator","1","16","16"
"sun.misc.FloatingDecimal$1","1","16","16"
"sun.misc.Launcher","1","16","16"
"sun.misc.Launcher$Factory","1","16","16"
"sun.misc.Unsafe","1","16","16"
"sun.net.DefaultProgressMeteringPolicy","1","16","16"
"sun.net.spi.DefaultProxySelector","1","16","16"
"sun.net.www.protocol.file.Handler","1","16","16"
"sun.net.www.protocol.jar.JarFileFactory","1","16","16"
"sun.nio.ch.Util$1","1","16","16"
"sun.nio.ch.WindowsSelectorProvider","1","16","16"
"sun.reflect.ReflectionFactory","1","16","16"
"sun.util.calendar.Gregorian","1","16","16"
"sun.util.resources.LocaleData$LocaleDataResourceBundleControl","1","16","16"
